<?xml version="1.0" encoding="UTF-8"?>
<project-private xmlns="http://www.netbeans.org/ns/project-private/1">
    <editor-bookmarks xmlns="http://www.netbeans.org/ns/editor-bookmarks/2" lastBookmarkId="0"/>
    <open-files xmlns="http://www.netbeans.org/ns/projectui-open-files/2">
        <group>
            <file>file:/C:/Users/itsme/OneDrive%20-%20National%20College%20of%20Ireland/3rd%20Year/Semester%201/Cyber%20Security/CA/CryptographyCA-main/CryptographyCA-main/CryptographyCA-main/CAProject/src/MainPage.java</file>
            <file>file:/C:/Users/itsme/OneDrive%20-%20National%20College%20of%20Ireland/3rd%20Year/Semester%201/Cyber%20Security/CA/CryptographyCA-main/CryptographyCA-main/CryptographyCA-main/CAProject/src/LoginPageGUI.java</file>
        </group>
    </open-files>
</project-private>
